kid,teacher,school_year,age,age_group,gender,grades,read_h,video_h,music_h,write_h,create_h,play_h,play_action_h,play_nonaction_h,surf_h,skype_h,talk_h,total_hours_weekday,total_hours_weekendday,media_h,mmi_week,mmi_weekend,mmi_score,mm_frequency,k6_score,sdq_score,ct_score,cp_score,sleep_score,mw_score,grit_score,toi_score,d2_rt,d2_fa_rate,d2_miss_rate,sart_rt,sart_fa_rate,sart_miss_rate,blast_rt,blast_fa_rate,blast_miss_rate
k001,t11,special needs,11,"[11.2,12.7]",male,NA,NA,NA,NA,NA,NA,NA,NA,NA,NA,NA,NA,NA,NA,NA,NA,NA,NA,NA,12,20,41,0.3333333333333333,NA,0.25,36,NA,0.8602150537634409,0.02357456140350877,0,0.327,0.06,0.92,1.174,0.06896551724137931,0.06666666666666667
k002,t08,5P,8,"[ 8.0,10.2)",male,NA,NA,NA,NA,NA,NA,NA,NA,NA,NA,NA,NA,NA,NA,NA,NA,NA,NA,NA,NA,NA,29,NA,NA,NA,NA,NA,0.8695652173913043,0.07035646645021645,0.02826839826839827,0.327,0.0925,0.88,0.889,0.05172413793103448,0.1206896551724138
k003,t10,5P,8,"[ 8.0,10.2)",female,0.9,0.786,0,0.5,0,0,1.5,0,1.5,1.5,0,0.5,4,5.5,4.286,4.75,4.636363636363637,4.7333,0.33,NA,NA,28,NA,0.6428571428571429,NA,NA,10,1,0.01936667115358729,0.012013729977116704,0.418,0.045,0.86,1.2595,0.14285714285714285,0.13333333333333333
k004,t03,8P,12,"[11.2,12.7]",male,0.9,0.5,3,0,0.5,0.143,1.5,1,0.5,0.357,0.5,2.286,6.5,7,6.5,2.1538461538461537,2.107142857142857,2.1318,0.33,NA,NA,42,NA,0.7857142857142857,NA,NA,18,0.6666666666666666,0.012390412895927603,0.013403263403263404,0.372,0.07446808510638298,0.8305084745762712,0.886,0,0.13333333333333333
k005,t04,6P,9,"[ 8.0,10.2)",male,0.8,0.786,0.786,0.5,0.786,0.786,0.786,0.5895,0.1965,0.786,0.429,0.429,3.5,11,5.6450000000000005,1,0.8636363636363636,0.924,0,15,16,32,0.03333333333333333,0.7142857142857143,0,NA,26,0.5653710247349824,0.10695768768561423,0.35246965768121874,0.406,0.3353658536585366,0.7540983606557377,1.066,0.1724137931034483,0.14814814814814814
k006,t02,7P,10,"[10.2,11.2)",male,NA,NA,NA,NA,NA,NA,NA,NA,NA,NA,NA,NA,NA,NA,NA,NA,NA,NA,NA,NA,NA,71,NA,NA,NA,NA,NA,0.7881773399014779,0.022398151430409494,0.026665706605222734,0.3495,0.11,0.8,0.876,0.21428571428571427,0.26666666666666666
k007,t03,8P,11,"[11.2,12.7]",female,NA,NA,NA,NA,NA,NA,NA,NA,NA,NA,NA,NA,NA,NA,NA,NA,NA,NA,NA,NA,NA,NA,NA,NA,NA,NA,NA,0.7017543859649122,0.07954035109207523,0.017191142191142192,0.4465,0.04,0.66,0.787,0.05172413793103448,0.15
k008,t01,7P,10,"[10.2,11.2)",female,0.9,4.071,0.5,0.5,0.5,0.5,0.357,NA,NA,0.357,0,1.214,7.5,5,6.785,0,0,0.0,0,3,8,30,0.16666666666666666,0.6428571428571429,0.25,47,18,0.5925925925925926,0.014426358176358177,0.02231777231777232,0.341,0.0275,0.72,0.734,0,0.06666666666666667
k009,t09,7P,11,"[11.2,12.7]",female,0.7,0.786,4.5,4.5,1.5,0.786,0,NA,NA,1.214,0.5,4.5,13.5,14.5,13.786,3.1481481481481484,2.9310344827586206,3.0828,0.33,NA,NA,42,NA,NA,NA,NA,22,0.6611570247933884,0.022759364291622355,0.11839674662255308,NA,NA,NA,1.009,0,0.13333333333333333
k010,t04,5P,8,"[ 8.0,10.2)",male,0.8,3.357,0.786,0,3.357,1.5,0.357,0.08925,0.26775,0,0.5,4.5,12,4.5,9.857000000000001,0.125,0.5555555555555556,0.1812,0,7,10,34,0.06666666666666667,1,0.25,37,31,1.103448275862069,0.03154761904761905,0.010869565217391304,0.372,0.015,0.88,1.6555,0.034482758620689655,0.06666666666666667
k011,t05,5P,8,"[ 8.0,10.2)",female,0.9,3,0.786,2.571,0.5,0.5,0,NA,NA,0.5,0.786,1.929,8.5,9,8.643,0.7647058823529412,0.5555555555555556,0.7024,0,4,3,NA,0.06666666666666667,0.8571428571428571,0.15,NA,26,0.5860805860805861,0.014568764568764568,0.026255979101727302,0.474,0.035,0.74,1.2105,0.08620689655172414,0.11666666666666667
k012,t03,8P,12,"[11.2,12.7]",female,0.7,0.786,0.5,0.5,1.071,0.5,0.143,0.0286,0.11439999999999999,0.357,0,0.786,4,3.5,3.8569999999999998,NA,NA,NA,0.33,NA,NA,34,NA,0.6428571428571429,NA,NA,28,0.7111111111111111,0.06229814092717319,0.061656067858629524,0.334,0.075,0.84,0.8685,0.10344827586206896,0.13333333333333333
k013,t06,8P,12,"[11.2,12.7]",female,0.8,1.5,0.429,1.214,0.786,0,0.5,NA,NA,0.5,1.5,4.5,6,7.5,6.429,2.5416666666666665,2.3333333333333335,2.4722,0.33,5,9,28,0.09999999999999999,0.9285714285714286,0.4,37,20,0.625,0.039732940364463135,0.004166666666666667,0.354,0.03,0.4,0.815,0.034482758620689655,0.06666666666666667
k014,t02,7P,10,"[10.2,11.2)",male,0.7,0.5,0.786,0.5,0.5,0.5,1.929,1.929,0,0.5,0.786,1.5,5,8.5,6.001,1.6,1.647058823529412,1.6191,0.67,4,12,42,0.36666666666666664,0.35714285714285715,0.55,35,12,0.730593607305936,0.03571428571428571,0.018403482082488168,0.351,0.0425,0.84,1.228,0.1388888888888889,0.075
k015,t09,7P,10,"[10.2,11.2)",male,0.5,0.5,0.786,0.786,1.214,0.5,0.786,NA,NA,0.143,0.5,3.429,4.5,7,5.215,NA,NA,NA,0.33,NA,NA,58,NA,0.9285714285714286,NA,NA,25,0.7239819004524887,0.09788283382610757,0.058054492382054054,0.357,0.0875,0.9,0.703,0.3448275862068966,0.5084745762711864
k016,t11,special needs,8,"[ 8.0,10.2)",female,0.6,0.357,3,1.5,0.143,0.5,0,0,0,0,0,4.5,5.5,5.5,5.5,0.8181818181818181,0.8181818181818181,0.8182,0.33,10,NA,69,0.2333333333333333,0.7142857142857143,0.3,34,26,1.5533980582524272,0.03869047619047619,0.03571428571428571,0.431,0.14623655913978495,0.8448275862068966,NA,NA,NA
k017,t06,8P,12,"[11.2,12.7]",female,0.8,1.214,2.571,1.214,0.5,0.357,2.571,0,2.571,0.5,4.071,4.5,15,8,12.998,2.85,3,2.8764,0.33,6,5,37,0.06666666666666667,0.9285714285714286,0.5,47,NA,0.5882352941176471,0.008676470588235294,0.03321727939628548,0.37,0.0225,0.86,0.78,0.017241379310344827,0.08333333333333333
k018,t05,6P,9,"[ 8.0,10.2)",male,0.5,0.5,1.5,0.357,0.357,0.357,4.5,1.125,3.375,0,0,1.5,8,6.5,7.571,0.59375,0.6153846153846154,0.5991,0.33,NA,NA,NA,NA,0.5714285714285714,NA,NA,23,0.6557377049180327,0.03373361487981939,0.020657071018062398,0.343,0.2838983050847458,0.6129032258064516,0.884,0.034482758620689655,0.16666666666666666
k019,t03,8P,12,"[11.2,12.7]",male,NA,NA,NA,NA,NA,NA,NA,NA,NA,NA,NA,NA,NA,NA,NA,NA,NA,NA,NA,NA,NA,41,NA,NA,NA,NA,NA,0.7079646017699115,0.004310344827586207,0.008333333333333333,0.3455,0.105,0.92,0.817,0.017241379310344827,0.03333333333333333
k020,t10,6P,10,"[10.2,11.2)",male,0.9,1.5,3,1.5,1.214,2.286,1.929,1.929,0,0.5,0.5,1.5,13,11,12.429,2.3461538461538463,2.6136363636363633,2.4138,0.33,8,5,NA,0.06666666666666667,0.7857142857142857,0.25,45,20,0.8888888888888888,0.03068922305764411,0,0.417,0.005,0.8,0.716,0.034482758620689655,0.03333333333333333
k021,t03,8P,11,"[11.2,12.7]",female,0.5,1.214,3.429,1.643,0,3.643,0.357,0.357,0,0.357,2.357,0.786,12,15.5,13,1.3541666666666667,1.4193548387096775,1.3763,0.67,NA,NA,NA,NA,0.21428571428571427,NA,NA,22,0.7920792079207921,0.03911932365879734,0.048810217560217556,0.388,0.005,0.88,0.911,0.034482758620689655,0.03333333333333333
k022,t03,8P,11,"[11.2,12.7]",male,0.9,1.5,1.214,0.357,0.5,0.357,0.786,0.1965,0.5895,0,0.143,3.429,4,7,4.857,2.625,3.178571428571429,2.853,0.67,NA,NA,33,NA,0.9285714285714286,NA,NA,24,0.5947955390334573,0.019096425952426943,0.09781486839910028,0.2715,0.185,0.76,0.705,0.16,0.22641509433962265
k023,t03,8P,12,"[11.2,12.7]",male,0.6,1.214,4.071,1.214,2.286,0,0.5,0.3333333333333333,0.16666666666666669,0.5,0.5,1.214,12,6,10.285,1.6875,1.7083333333333333,1.691,0.33,NA,NA,NA,NA,0.5,NA,NA,NA,0.7881773399014779,0.024230769230769233,0.005,0.37,0.06,0.9,0.798,0.13793103448275862,0.25
k024,t07,8P,11,"[11.2,12.7]",male,NA,NA,NA,NA,NA,NA,NA,NA,NA,NA,NA,NA,NA,NA,NA,NA,NA,NA,NA,NA,NA,NA,NA,NA,NA,NA,NA,0.7476635514018691,0.009615384615384616,0.019052706552706553,NA,NA,NA,0.709,0.034482758620689655,0.1
k025,t06,8P,12,"[11.2,12.7]",female,0.8,1.214,2.571,1.929,1.071,1.071,0,0,0,0.5,2.571,1.5,12.5,7,10.927,1.46,2.1785714285714284,1.5917,0.67,9,4,29,0.09999999999999999,0.8571428571428571,0.65,43,NA,0.5970149253731343,0.026034259857789267,0.011663286004056795,0.3215,0.035,0.9,0.592,0.1724137931034483,0.16666666666666666
k026,t04,6P,9,"[ 8.0,10.2)",female,0.8,2.143,1.929,0.5,0.357,0.5,0.786,0.1572,0.6288,0,0,1.643,6.5,5.5,6.215,2.3076923076923075,1.909090909090909,2.2069,0,NA,NA,38,NA,0.35714285714285715,NA,NA,32,0.903954802259887,0.035188174239947696,0.006578947368421052,0.348,0.05,0.78,0.935,0.10344827586206896,0.15
k027,t02,7P,10,"[10.2,11.2)",female,0.8,1.071,3,1.5,0.5,0.5,2.357,0,2.357,0.357,0,0.857,9,10,9.285,1.7222222222222223,1.55,1.6693,0.33,4,8,37,0.09999999999999999,0.7142857142857143,0.45,NA,15,0.5755395683453237,0.08162904124860647,0.1821947998809701,0.388,0.15,0.76,0.978,0,0.2
k028,t09,7P,11,"[11.2,12.7]",male,0.8,1.643,3,0.5,0.357,1.214,4.5,4.5,0,0.5,0.5,4.5,11.5,14,12.214,1.6521739130434783,2.142857142857143,1.8129,0.67,NA,NA,62,NA,0.7857142857142857,NA,NA,12,0.7441860465116279,0.019644195759263225,0.03151090129538405,0.2985,0.045,0.92,1.0755,0.017241379310344827,0.05
k029,t01,7P,10,"[10.2,11.2)",male,0.4,4.5,4.5,4.5,3.429,4.5,4.5,4.5,0,4.5,4.5,3.429,34.5,36,34.929,6.130434782608695,6.125,6.1288,0.67,NA,NA,76,NA,0.7857142857142857,NA,NA,27,0.6611570247933884,0.08744807117048203,0.012960829493087557,0.323,0.22597402597402597,0.7058823529411765,NA,NA,NA
k030,t08,5P,8,"[ 8.0,10.2)",female,NA,NA,NA,NA,NA,NA,NA,NA,NA,NA,NA,NA,NA,NA,NA,NA,NA,NA,NA,NA,NA,31,NA,NA,NA,NA,NA,1.0457516339869282,0.05125681851688044,0,0.465,0.2275,0.72,1.1855,0.05084745762711865,0.11864406779661017
k031,t10,5P,8,"[ 8.0,10.2)",female,0.7,0.5,0.5,0.5,0.5,0.5,0.5,NA,NA,0,0,3.357,3,3,3,0.8333333333333333,0.8333333333333333,0.8333,0.33,3,8,33,0.2333333333333333,0.5714285714285714,0.3,33,23,1.0062893081761006,0.08289269369074861,0,0.407,0.045,0.72,NA,NA,NA
k032,t03,8P,11,"[11.2,12.7]",female,0.9,0.5,0.786,0.5,0.5,1.929,0.5,0,0.5,0.786,0.5,4.5,5,8.5,6.001,0.7,0.823529411764706,0.75,0.33,NA,NA,28,NA,0.7142857142857143,NA,NA,19,0.642570281124498,0.017676767676767676,0.07118638771864579,0.454,0.0325,0.62,1.034,0.07692307692307693,0.07246376811594203
k033,t08,5P,9,"[ 8.0,10.2)",male,0.7,0,1.5,0,0.5,0.786,1.5,1,0.5,0,0,4.5,4,5,4.286,0.0625,0.15,0.0917,0,2,5,28,0.13333333333333333,0.7857142857142857,0.3,45,19,1.0062893081761006,0.0324155978180746,0.006578947368421052,NA,NA,NA,0.786,0.36585365853658536,0.358974358974359
k034,t05,6P,10,"[10.2,11.2)",male,0.5,0.143,3,0.5,0,1.071,0.786,0.786,0,0,0,0,5.5,5.5,5.5,0.5909090909090908,0.36363636363636365,0.5259,0,9,NA,NA,NA,0.7142857142857143,0.35,31,NA,0.9876543209876543,0.045295620516809264,0.014285714285714285,NA,NA,NA,0.8745,0.3448275862068966,0.1
k035,t06,8P,12,"[11.2,12.7]",male,0.9,1.929,1.5,0.5,1.5,1.5,0.5,0.5,0,0.5,0.5,1.5,8,9.5,8.429,3.5,3.6578947368421053,3.5509,0.33,NA,NA,33,NA,0.7142857142857143,NA,NA,10,0.7766990291262136,0.019685588492303556,0.049833568295739344,0.304,0.03,0.92,0.782,0.034482758620689655,0.06666666666666667
k036,t09,7P,10,"[10.2,11.2)",female,0.9,1.929,1.214,3,0.5,1.929,0.143,0.0286,0.11439999999999999,0,0.5,4.5,7.5,13.5,9.215,0.8333333333333334,0.5740740740740741,0.7248,0,NA,NA,33,NA,0.8571428571428571,NA,NA,15,0.6060606060606061,0.023779167819165285,0.030052005128070037,0.408,0.01,0.84,0.8695,0.017241379310344827,0.08333333333333333
k037,t06,8P,12,"[11.2,12.7]",male,0.6,0.5,1.5,0.5,0.5,0,1.929,1.286,0.643,0.5,0.5,0.5,5.5,7,5.929,1.1818181818181819,1.1428571428571428,1.1687,0.33,3,NA,55,0.19999999999999998,0.7857142857142857,0.35,34,23,0.6666666666666666,0.02515847816399287,0.00390625,0.35,0.0275,0.92,0.9975,0.034482758620689655,0.06666666666666667
k038,t02,7P,10,"[ 8.0,10.2)",female,0.8,0.5,0,0.5,1.214,1.5,0,NA,NA,0.357,0,4.5,4.5,3,4.071,0,0,0.0,0,7,9,28,0.03333333333333333,0.8571428571428571,0.25,38,18,0.7239819004524887,0.01048951048951049,0.009588068181818182,0.374,0.105,0.82,0.8585,0.10344827586206896,0.26666666666666666
k039,t01,7P,10,"[10.2,11.2)",male,1,1.929,0.786,0.5,0.5,0.5,0.5,0.125,0.375,0.5,0,3,4.5,7,5.215,0.4444444444444444,0.39285714285714285,0.4246,0,2,4,28,NA,0.7142857142857143,0.3,39,17,0.6611570247933884,0.030779104157336916,0.032497854157336914,0.284,0.07969639468690702,0.8484848484848485,0.821,0.10344827586206896,0.2
k040,t10,6P,10,"[ 8.0,10.2)",female,0.8,1.214,0.786,3.429,2.286,0.5,0.786,0.09825,0.6877500000000001,0,0,4.5,9,9,9.001,1.3611111111111112,1.7777777777777777,1.4802,0,10,18,28,0.13333333333333333,0.7857142857142857,0.25,50,17,0.8695652173913043,0.0314945652173913,0.012013729977116704,0.433,0.0425,0.88,0.877,0.10344827586206896,0.16666666666666666
k041,t06,8P,11,"[11.2,12.7]",female,0.9,1.5,0.143,0.5,0.5,0.5,0,0,0,0.5,0,3,3.5,4,3.643,0.6428571428571428,0.5625,0.6176,0.33,3,6,28,0.03333333333333333,0.9285714285714286,0.25,44,20,0.5797101449275363,0.015388182299947005,0.014956627812415288,0.403,0.01,0.86,0.877,0,0.05
k042,t03,8P,12,"[11.2,12.7]",female,0.8,1.214,1.214,0.5,1.071,0.5,0.143,0,0.143,0.143,0,4.5,4.5,5.5,4.785,1.1666666666666665,1.5,1.2761,0.33,NA,NA,28,NA,0.7857142857142857,NA,NA,21,0.6374501992031872,0.037885028836725884,0.0276995965850455,0.4205,0.295,0.56,0.903,0.1896551724137931,0.1864406779661017
k043,t10,5P,8,"[ 8.0,10.2)",female,0.6,0.5,1.5,1.5,0.5,0.5,0.5,0,0.5,0,0,1.5,5,5,5,1.7,1.7,1.7,0.33,11,13,40,0.26666666666666666,0.42857142857142855,0.25,37,27,1.3793103448275863,0.07925412489557226,0.02827380952380952,0.478,0.03,0.74,NA,NA,NA
k044,t02,7P,12,"[11.2,12.7]",male,NA,NA,NA,NA,NA,NA,NA,NA,NA,NA,NA,NA,NA,NA,NA,NA,NA,NA,NA,NA,NA,NA,NA,NA,NA,NA,NA,0.7272727272727273,0.04620594038287207,0.012608353033884948,0.209,0.0375,0.94,0.656,0.19642857142857142,0.16666666666666666
k045,t07,8P,11,"[11.2,12.7]",male,NA,NA,NA,NA,NA,NA,NA,NA,NA,NA,NA,NA,NA,NA,NA,NA,NA,NA,NA,NA,NA,NA,NA,NA,NA,NA,NA,0.730593607305936,0.01343864468864469,0.008333333333333333,0.355,0.03,0.88,0.675,0.06896551724137931,0.06666666666666667
k046,t11,special needs,11,"[10.2,11.2)",female,NA,0.5,0.786,0.5,0.5,0.786,0.357,NA,NA,0,0.5,1.5,3.5,5,3.9290000000000003,0,0,0.0,0,NA,NA,56,NA,0.5714285714285714,NA,NA,26,0.903954802259887,0.25867484367484367,0.1223027898027898,0.506,0.135,0.8,NA,NA,NA
k047,t01,7P,11,"[10.2,11.2)",female,0.8,0.5,0.786,0.5,0.5,0.5,1.5,0,1.5,0.5,1.214,4.5,6,6,6,0.5,0.41666666666666663,0.4762,0.33,5,10,28,0.16666666666666666,0.9285714285714286,0.25,48,25,0.5714285714285714,0.017598587993324834,0.03203524782472151,0.44,0.0175,0.68,0.819,0.017241379310344827,0.06779661016949153
k048,t04,5P,8,"[ 8.0,10.2)",female,0.9,0.5,1.214,0.5,0.5,0.5,0.5,0.25,0.25,0,0,0,4,3,3.714,0.25,0.3333333333333333,0.2693,0.33,3,5,39,0.16666666666666666,0.8571428571428571,0.35,43,18,0.963855421686747,0.019202898550724636,0.015434782608695652,0.45,0.06048387096774194,0.84375,1.11,0.034482758620689655,0.1
k049,t11,special needs,12,"[11.2,12.7]",male,NA,NA,NA,NA,NA,NA,NA,NA,NA,NA,NA,NA,NA,NA,NA,NA,NA,NA,NA,5,6,40,0.16666666666666666,NA,0.45,44,NA,0.837696335078534,0.006578947368421052,0.010434782608695653,0.323,0.035,0.92,0.675,0.13793103448275862,0.23333333333333334
k050,t09,7P,10,"[10.2,11.2)",male,0.8,1.5,1.929,0.143,3.643,0.786,1.929,1.0521818181818183,0.8768181818181817,0.5,0.5,4.5,10.5,12,10.93,0.23809523809523808,0.4166666666666667,0.2941,0.33,NA,NA,40,NA,0.8571428571428571,NA,NA,27,0.6837606837606838,0.009310344827586206,0.02368729389203527,0.3995,0.105,0.84,0.982,0.06896551724137931,0.10344827586206896
k051,t05,6P,9,"[ 8.0,10.2)",male,0.8,0.5,1.929,1.929,0.5,1.214,1.929,0.8573333333333333,1.0716666666666668,0.5,0.5,1.214,8,11.5,9.001,0.9375,1.2391304347826086,1.0477,0.33,9,14,NA,NA,0.5,1,17,16,0.7692307692307693,0.03428800366300366,0.031988428238428235,0.3635,0.35856573705179284,0.5846153846153846,1.116,0.20689655172413793,0.1694915254237288
k052,t09,7P,11,"[10.2,11.2)",male,0.9,1.5,1.929,0,3.357,0.5,1.5,1,0.5,0,0.5,4.071,10,7.5,9.286,1,1.3666666666666667,1.0846,0.33,NA,NA,81,NA,0.5,NA,NA,15,0.6037735849056604,0.02012080262080262,0.0033783783783783786,0.358,0.025,0.96,0.648,0.20689655172413793,0.26666666666666666
k053,t05,6P,10,"[10.2,11.2)",male,0.8,0.786,0.786,3.429,2.286,0.786,1.214,0.75875,0.45524999999999993,0,0.357,4.5,9.5,10,9.644,1.131578947368421,1.55,1.2555,0.33,NA,NA,NA,NA,0.7142857142857143,NA,NA,32,0.6808510638297872,0.007881773399014778,0.023452380952380954,0.334,0.125,0.7,0.929,0.1206896551724138,0.13333333333333333
k054,t04,5P,8,"[ 8.0,10.2)",male,0.8,0.5,1.214,0,0.5,0.5,1.214,0,1.214,0.5,0.5,1.214,5.5,3.5,4.928,NA,NA,NA,0.33,9,11,28,0.09999999999999999,0.7857142857142857,0.4,NA,26,0.8648648648648649,0.015450808249721292,0.013925729442970823,0.407,0.055,0.76,1.165,0.06896551724137931,0.06666666666666667
k055,t10,6P,9,"[ 8.0,10.2)",female,0.9,3,0.786,0.5,3.357,1.5,0.786,0.262,0.524,0.5,0,4.5,11,9,10.429,0.38636363636363635,0.25,0.3527,0.33,7,6,28,0.06666666666666667,0.5714285714285714,0.5,42,23,0.7692307692307693,0.025327380952380952,0.005952380952380952,0.369,0.0125,0.86,0.883,0.09615384615384616,0.13725490196078433
k056,t09,7P,10,"[10.2,11.2)",female,0.6,1.5,0.5,1.5,2.286,0.5,0,NA,NA,0.5,0.786,2.357,8,6.5,7.572,0.65625,0.6923076923076923,0.6651,0,NA,NA,39,NA,0.7142857142857143,NA,NA,20,0.8465608465608465,0.010869565217391304,0.015434782608695652,0.387,0.14,0.92,0.993,0.034482758620689655,0.1
k057,t08,5P,8,"[ 8.0,10.2)",female,NA,NA,NA,NA,NA,NA,NA,NA,NA,NA,NA,NA,NA,NA,NA,NA,NA,NA,NA,NA,NA,51,NA,NA,NA,NA,NA,1.118881118881119,0.029618163054695563,0.02010233918128655,0.247,0.06896551724137931,0.8723404255319149,0.978,0.19148936170212766,0.2391304347826087
k058,t04,6P,9,"[ 8.0,10.2)",female,0.8,0.5,0.5,0.5,0.5,0.5,0.5,0.5,0,0.5,0.5,0.5,4,4,4,0.25,0.25,0.25,0.33,9,NA,44,0.16666666666666666,0.7857142857142857,0.45,NA,25,1,0.011160714285714284,0.02544642857142857,0.422,0.036608863198458574,0.7692307692307693,1.078,0.034482758620689655,0.1
k059,t08,5P,9,"[ 8.0,10.2)",female,0.9,0.786,0.143,0.143,1.214,1.5,0,0,0,0,0,0,2.5,7,3.786,0.3,0.14285714285714285,0.217,0,NA,NA,NA,NA,0.8571428571428571,NA,NA,25,0.9302325581395349,0.010208333333333333,0.03510149572649573,0.416,0.1525,0.82,1.264,0.3103448275862069,0.36666666666666664
k060,t03,8P,11,"[11.2,12.7]",male,0.8,0.5,1.929,0.5,0.357,0,0.5,0.16666666666666666,0.33333333333333337,0.357,0.5,4.5,4.5,5,4.643,0.7777777777777777,0.45,0.6768,0.67,NA,NA,54,NA,0.9285714285714286,NA,NA,20,0.53156146179402,0.05541979949874686,0.039152568922305765,NA,NA,NA,0.806,0.06896551724137931,0.06666666666666667
k061,t10,6P,10,"[10.2,11.2)",male,0.7,0.357,1.214,0.143,0.357,0.5,0.5,0.25,0.25,0,0.5,1.5,4,2.5,3.5709999999999997,0.5,0.4,0.48,1,11,NA,44,0.13333333333333333,0.5,0.4,32,25,0.935672514619883,0.036020561960922376,0.035273279352226725,0.308,0.05625,0.95,0.7895,0.06896551724137931,0.1
k062,t04,5P,8,"[ 8.0,10.2)",male,0.6,1.071,0.143,0.143,1.071,0.786,0.786,0.262,0.524,0,0,1.929,4,4,4,0,0,0.0,0,3,7,NA,0.19999999999999998,NA,0.5,31,26,0.7239819004524887,0.020114826998050683,0.03619791666666667,NA,NA,NA,0.748,0.3793103448275862,0.4444444444444444
k063,t03,8P,11,"[11.2,12.7]",female,0.8,1.5,0.786,1.5,0.5,3,0.5,0,0.5,0.5,0,4.5,8,9,8.286,0.8125,0.7777777777777778,0.8017,0,NA,NA,NA,NA,0.8571428571428571,NA,NA,13,0.7960199004975125,0.01,0.023392857142857142,0.2355,0.2911392405063291,0.6716417910447762,0.767,0,0.034482758620689655
k064,t04,6P,10,"[10.2,11.2)",female,NA,0.357,1.5,0.5,0,0.429,1.5,0.6000000000000001,0.8999999999999999,0,0.143,4.5,4,5.5,4.429,0.5,0.7727272727272727,0.5969,0,1,5,35,0,1,0.25,38,26,0.7111111111111111,0.02607179078527963,0,0.39,0.1275,0.72,0.78,0.1724137931034483,0.0847457627118644
k065,t08,6P,10,"[10.2,11.2)",male,NA,NA,NA,NA,NA,NA,NA,NA,NA,NA,NA,NA,NA,NA,NA,NA,NA,NA,NA,NA,NA,54,NA,NA,NA,NA,NA,0.6477732793522267,0.13089608482160664,0.1777784239240596,0.238,0.1725,0.8,NA,NA,NA
k066,t10,5P,9,"[ 8.0,10.2)",female,0.9,1.929,1.214,0.786,1.5,1.5,0.143,0,0.143,0.5,0.5,1.071,6.5,12,8.072,1,1.1458333333333333,1.0619,0.33,NA,NA,29,NA,0.8571428571428571,NA,NA,24,1.08843537414966,0.021117822128851542,0.007352941176470588,0.4465,0.035,0.72,1.274,0.03571428571428571,0.18518518518518517
k067,t01,7P,10,"[10.2,11.2)",male,0.8,0.357,1.214,0.357,0.357,0.5,0,0,0,0,0.5,1.071,4,1.5,3.285,NA,NA,NA,0.33,5,12,59,0.23333333333333334,0.7142857142857143,0.55,35,19,0.6751054852320675,0.23267552421841503,0,0.1565,0.42105263157894735,0.5294117647058824,NA,NA,NA
k068,t07,8P,11,"[11.2,12.7]",male,NA,NA,NA,NA,NA,NA,NA,NA,NA,NA,NA,NA,NA,NA,NA,NA,NA,NA,NA,NA,NA,NA,NA,NA,NA,NA,NA,0.6530612244897959,0.013569604086845466,0.019836182336182336,0.474,0.02,0.52,0.967,0.034482758620689655,0.16666666666666666
k069,t01,7P,10,"[10.2,11.2)",male,0.6,0.5,0.5,0.5,0.5,0.5,0.5,0.5,0,0.5,0.786,4.5,4,5,4.286,1.25,1.3,1.2667,0.33,NA,NA,41,NA,0.7857142857142857,NA,NA,22,0.935672514619883,0.039473684210526314,0.011578947368421053,0.2825,0.06312292358803986,0.9459459459459459,NA,NA,NA
k070,t11,special needs,9,"[ 8.0,10.2)",male,0.4,0,3.643,2.286,0.357,1.214,4.5,3.272727272727273,1.227272727272727,0,0.5,1.929,14.5,7.5,12.5,2.2241379310344827,2.2,2.22,0.33,16,26,60,0.6333333333333333,0.42857142857142855,0.8,23,21,1.3008130081300813,0.058530641507615194,0,0.4935,0.035,0.52,0.812,0.3333333333333333,0.5
k071,t05,6P,10,"[10.2,11.2)",female,NA,NA,NA,NA,NA,NA,NA,NA,NA,NA,NA,NA,NA,NA,NA,NA,NA,NA,NA,NA,NA,NA,NA,NA,NA,NA,NA,0.7441860465116279,0.021984710769615192,0.023119212962962963,0.375,0.13,0.72,0.94,0.17857142857142858,0.13333333333333333
k072,t11,special needs,8,"[ 8.0,10.2)",male,NA,3.429,1.214,0.786,0.357,0,1.214,0.48560000000000003,0.7283999999999999,0,0,3,5,12,7,NA,NA,NA,0.33,11,13,81,0.6666666666666666,0.7857142857142857,0.75,31,18,1.1764705882352942,0.06107456140350877,0,0.404,0.04,0.94,1.014,0.20689655172413793,0.2
k073,t03,8P,11,"[11.2,12.7]",male,0.9,1.214,0.786,0.5,1.214,0,0.786,0.49125,0.29475,0,0,2.571,3.5,7,4.5,0.42857142857142855,0.3214285714285714,0.3809,0.33,NA,NA,36,NA,0.8571428571428571,NA,NA,18,0.6037735849056604,0.003676470588235294,0.010913856857879628,0.3015,0.28,0.72,0.738,0.017241379310344827,0.05084745762711865
k074,t02,7P,10,"[10.2,11.2)",female,0.8,0.357,2.571,3,0.5,0.5,0.5,0,0.5,0.357,1.214,1.214,10,6.5,8.999,2.325,2.4615384615384617,2.3532,0.33,7,10,62,0.3,0.7142857142857143,0.15,41,28,0.7441860465116279,0.03861644368960612,0.04350002793174299,0.455,0.1075,0.58,1.068,0.13793103448275862,0.10344827586206896
k075,t05,5P,8,"[ 8.0,10.2)",female,NA,NA,NA,NA,NA,NA,NA,NA,NA,NA,NA,NA,NA,NA,NA,NA,NA,NA,NA,NA,NA,NA,NA,NA,NA,NA,NA,0.730593607305936,0.16957989056097048,0.021209464915636023,0.46,0.03,0.88,1.035,0.034482758620689655,0.06666666666666667
k076,t02,7P,11,"[10.2,11.2)",female,0.9,0.5,0.5,0.5,0.5,1.214,1.5,1.5,0,0.5,0.5,3,6,5,5.714,4.083333333333333,4,4.0625,0.33,7,11,43,0.19999999999999998,0.5714285714285714,0.45,46,18,0.6153846153846154,0.007738095238095238,0.023506773399014778,0.338,0.0225,0.96,0.9435,0.034482758620689655,0.06666666666666667
k077,t09,7P,10,"[10.2,11.2)",female,0.7,1.5,0.786,0.786,1.5,0.143,0,NA,NA,0.5,0.5,1.5,5,7.5,5.715,2.75,2.8666666666666667,2.7938,0.33,NA,NA,63,NA,0.7142857142857143,NA,NA,16,0.8163265306122449,0.014245014245014245,0.042068404137369654,0.457,0.015,0.64,1.2325,0,0.11904761904761904
k078,t11,special needs,11,"[11.2,12.7]",male,NA,1.5,0.786,0.5,0.786,1.5,1.5,NA,NA,1.5,1.214,4.5,9,10,9.286,4.666666666666666,4.5,4.6153,0.33,6,10,39,0.03333333333333333,0.8571428571428571,0.05,NA,14,0.7476635514018691,0.004310344827586207,0.03730917470141608,0.352,0.1425,0.86,0.6825,0.22916666666666666,0.1276595744680851
k079,t08,5P,9,"[ 8.0,10.2)",male,NA,NA,NA,NA,NA,NA,NA,NA,NA,NA,NA,NA,NA,NA,NA,NA,NA,NA,NA,5,10,41,0.3,NA,0.25,37,NA,0.7843137254901961,0.010262725779967159,0.022995689655172413,0.2505,0.1385390428211587,0.88,0.9085,0.2857142857142857,0.3181818181818182
k080,t06,8P,11,"[11.2,12.7]",male,0.9,1.929,3,0.786,0.5,0,3,0.75,2.25,1.5,0.5,3.429,10.5,13,11.215,2.1904761904761902,2.019230769230769,2.1337,0.67,6,14,NA,0.43333333333333335,0.6428571428571429,0.5,33,17,0.8290155440414507,0.016634199134199133,0.015416666666666665,0.28,0.0325,0.96,0.9225,0.08620689655172414,0.05
k081,t08,5P,8,"[ 8.0,10.2)",male,0.7,0.5,0,0.143,1.214,0.5,0.5,0.5,0,0,0,0.5,3,2.5,2.8569999999999998,0.5833333333333333,0.7000000000000001,0.6125,0,NA,NA,34,NA,0.7142857142857143,NA,NA,NA,0.8205128205128205,0.021922862712336396,0.018022486772486773,0.416,0.0425,0.8,0.5305,0.41379310344827586,0.23333333333333334
k082,t04,6P,9,"[ 8.0,10.2)",male,0.8,0.5,1.5,0.5,3.357,0,0.786,0.786,0,0,0.357,4.5,8,4.5,7,0.0625,0.2222222222222222,0.0919,0,4,5,52,0.19999999999999998,0.9285714285714286,0.15,37,18,0.5818181818181818,0.02253037704012607,0.24802085462203374,0.384,0.0825,0.78,1.296,0.06896551724137931,0.05
k083,t01,7P,10,"[10.2,11.2)",female,0.8,0.5,1.214,0.357,0,1.214,0.357,0,0.357,0,1.214,3.429,6,2,4.856,1.75,1.375,1.7058,0.33,7,NA,59,0.4666666666666667,0.6428571428571429,0.4,NA,10,0.8333333333333334,0.012202380952380952,0.009464285714285713,0.474,0.0325,0.48,1.113,0.12280701754385964,0.1016949152542373
k084,t02,7P,10,"[10.2,11.2)",female,0.8,0.5,1.929,0.5,0.5,0.5,0.5,0,0.5,0.5,1.5,3,6,7.5,6.429,1.25,1.3,1.2667,0.33,8,15,44,0.3,0.6428571428571429,0.6,35,26,0.5128205128205128,0.047644094983911915,0.03326825053798738,0.3205,0.125,0.84,0.849,0,0.06666666666666667
k085,t09,7P,10,"[10.2,11.2)",female,0.6,0.857,1.643,4.5,4.071,0.857,0,NA,NA,1.071,4.5,3,15.5,22.5,17.499,3.0806451612903225,2.4,2.8306,0.67,NA,NA,70,NA,0.07142857142857142,NA,NA,12,NA,NA,NA,0.442,0.03,0.72,0.907,0.1724137931034483,0.13333333333333333
k086,t03,8P,12,"[11.2,12.7]",male,0.6,NA,NA,NA,NA,NA,NA,NA,NA,NA,NA,NA,NA,NA,NA,NA,NA,NA,NA,NA,NA,49,NA,NA,NA,NA,30,0.7272727272727273,0.0175,0.07144843986195488,0.4035,0.018867924528301886,0.6896551724137931,0.7545,0.06896551724137931,0.1
k087,t04,5P,8,"[ 8.0,10.2)",female,0.9,0.786,0.786,0.5,0.5,1.5,0,0,0,0,0,4.5,3.5,5.5,4.072,0.42857142857142855,0.2727272727272727,0.3684,0,9,NA,NA,0.36666666666666664,0.6428571428571429,0.4,NA,NA,1.08843537414966,0.02461484593837535,0.013768115942028985,0.459,0.105,0.74,1.5825,0.1724137931034483,0.14285714285714285
k088,t06,8P,11,"[11.2,12.7]",female,0.9,0.786,0.786,3,1.214,0.786,0.357,0,0.357,1.214,3,4.071,11,11.5,11.143,1.409090909090909,1.608695652173913,1.468,0.33,10,12,28,0.19999999999999998,0.5714285714285714,0.4,44,18,0.730593607305936,0.015024630541871921,0.030570094417077174,0.465,0.0225,0.38,0.831,0.05263157894736842,0.1016949152542373
k089,t10,5P,8,"[ 8.0,10.2)",female,0.9,0.786,0,1.5,0.5,1.5,0.5,0,0.5,0,1.286,3.214,4.5,10,6.072,0.5,0.275,0.3941,0,NA,NA,28,NA,0.9285714285714286,NA,NA,19,1.1764705882352942,0.06543311403508772,0.02291666666666667,0.4575,0.09,0.74,NA,NA,NA
k090,t01,7P,10,"[10.2,11.2)",male,0.9,1.929,1.929,1.5,0.5,1.5,1.5,1.125,0.375,0.5,1.5,3,10,13,10.858,3.4,3.1346153846153846,3.3091,0.67,6,12,38,0.36666666666666664,0.35714285714285715,0.45,NA,5,0.8040201005025126,0.03262061403508772,0.005208333333333333,0.184,0.07666666666666666,0.918918918918919,1.081,0,0
k091,t10,5P,9,"[ 8.0,10.2)",female,0.3,0.786,0,0.5,0.5,0.786,0.5,NA,NA,0.5,0,1.071,3,6.5,3.572,0.3333333333333333,0.23076923076923078,0.32,0,18,19,59,0.4,0.5714285714285714,1,30,20,1.3445378151260505,0.12193810553911173,0,NA,NA,NA,0.924,0.46153846153846156,0.46153846153846156
k092,t03,8P,11,"[11.2,12.7]",female,0.9,1.5,0.5,0.5,0.357,0.5,0,NA,NA,0.5,0,1.929,4,3.5,3.857,0.5,0.5,0.5,0,NA,NA,28,NA,1,NA,NA,28,0.6779661016949152,0.013304236086494151,0.004464285714285714,0.4175,0.045,0.52,0.6495,0.06896551724137931,0.06666666666666667
k093,t09,7P,10,"[10.2,11.2)",male,0.8,1.5,0.786,1.929,0,0.143,0.786,0.1572,0.6288,0.5,0,3,6,8.5,5.644,0.4166666666666667,0.4411764705882353,0.4114,0.33,NA,NA,NA,NA,0.7857142857142857,NA,NA,24,0.7017543859649122,0.010146103896103896,0.008370535714285714,NA,NA,NA,0.916,0.06896551724137931,0.13333333333333333
k094,t05,6P,9,"[ 8.0,10.2)",male,0.9,3,0.786,0.5,1.214,0.5,0.786,0.5895,0.1965,0.5,0,3.429,7,8,7.286,0.46428571428571425,0.34375,0.4264,0,9,10,NA,0.3,0.42857142857142855,0.5,35,18,0.7476635514018691,0.03699120563344701,0.02352231102231102,0.285,0.2275,0.7,0.8045,0.034482758620689655,0.06666666666666667
k095,t06,8P,11,"[10.2,11.2)",male,0.8,1.5,0.5,0.786,0.5,1.5,1.5,0.9000000000000001,0.5999999999999999,0.5,0,4.5,6.5,7.5,6.786,0.6923076923076923,0.8,0.7263,0,7,13,31,0.3,0.42857142857142855,0.4,31,30,0.8791208791208791,0.02014066496163683,0.019807692307692307,0.397,0.0675,0.76,1.195,0.08620689655172414,0.1
k096,t01,7P,11,"[11.2,12.7]",male,0.8,1.5,0.786,0,0,0.357,1.214,0.5518181818181819,0.6621818181818181,0,0,1.071,3,6,3.857,NA,NA,NA,0,4,7,34,0.13333333333333333,0.5714285714285714,0.25,NA,21,0.6504065040650406,0.01773872679045093,0.01683728448275862,0.296,0.1025,0.88,0.99,0.07142857142857142,0.06896551724137931
k097,t02,7P,10,"[10.2,11.2)",female,NA,NA,NA,NA,NA,NA,NA,NA,NA,NA,NA,NA,NA,NA,NA,NA,NA,NA,NA,NA,NA,52,NA,NA,NA,NA,NA,0.7373271889400922,0.041690250496965564,0.036997405531888294,0.4525,0.055,0.6,0.893,0.06896551724137931,0.26666666666666666
k098,t02,7P,11,"[10.2,11.2)",male,0.8,0.5,0.5,0,0.5,1.5,0.5,0.3571428571428572,0.1428571428571428,0.5,0,4.5,4,4,4,0,0,0.0,0,2,2,32,0.03333333333333333,0.9285714285714286,1,24,4,0.7272727272727273,0.04249533352981629,0.013595571095571097,0.383,0.07,0.84,0.859,0,0.06666666666666667
k099,t11,special needs,12,"[11.2,12.7]",male,0.8,3.643,3.643,3.643,3.643,1.5,1.214,NA,NA,1.214,1.5,1.214,24,10,20,3.5,3.45,3.4928,0.33,8,NA,90,NA,0.6428571428571429,NA,NA,27,1,0.04830586080586081,0.03708791208791209,0.409,0.09,0.8,1.161,0.034482758620689655,0.03333333333333333
k100,t02,7P,10,"[10.2,11.2)",male,0.9,0.786,3,0.5,1.214,1.071,0.5,0.5,0,0.5,0.5,4.5,8.5,7,8.071,3.2058823529411766,3.5,3.2788,0.33,10,13,NA,0.26666666666666666,0.6428571428571429,0.65,35,8,0.8080808080808081,0.03902745995423341,0.005,0.405,0.02,0.8,0.968,0.13793103448275862,0.06666666666666667
k101,t04,5P,8,"[ 8.0,10.2)",male,0.9,0,0.786,0.5,0,0,0.5,0,0.5,1.214,0,1.214,2,6,3,4.625,4.458333333333333,4.5357,0.33,14,19,NA,0.39999999999999997,0.7142857142857143,0.25,31,NA,1.0738255033557047,0.02361111111111111,0,0.2485,0.095,0.92,0.5985,0.1724137931034483,0.26666666666666666
k102,t01,7P,11,"[10.2,11.2)",female,0.7,0.5,1.5,0.5,0.357,1.214,0,NA,NA,1.5,2.286,4.5,9,5,7.857,0.5,0.7,0.5363,0,NA,NA,50,NA,0.42857142857142855,NA,NA,11,1.019108280254777,0.02886904761904762,0.006578947368421052,0.388,0.02,0.84,0.7785,0.034482758620689655,0.2
k103,t09,7P,11,"[11.2,12.7]",male,0.8,1.5,0.143,0.786,0.357,0.5,0.5,0.2857142857142857,0.2142857142857143,0,0.5,4.5,4,5,4.286,0,0,0.0,0,NA,NA,31,NA,0.9285714285714286,NA,NA,19,0.7373271889400922,0.01987046469219644,0.03637753168466841,0.404,0.0175,0.72,0.952,0.05172413793103448,0.1
k104,t05,6P,9,"[ 8.0,10.2)",female,0.7,0.429,0.5,0.143,0.5,0.786,0.143,0,0.143,0.5,0,1.5,2,5.5,3.001,0.75,0.5454545454545454,0.6428,0,6,16,NA,0.13333333333333333,0.5,0.25,40,14,0.7174887892376681,0.05312959849058987,0.053714573860048,0.4455,0.04,0.92,1.2345,0.16,0.25
k105,t09,7P,10,"[10.2,11.2)",male,0.8,0.5,1.214,0,0,0.5,1.214,0.3035,0.9105,0.357,0.5,4.5,3,7.5,4.285,0.3333333333333333,0.26666666666666666,0.3,0,NA,NA,30,NA,0.5714285714285714,NA,NA,28,0.5633802816901409,0.018532621381886088,0.01391575122225277,0.298,0.0475,0.8,0.777,0.034482758620689655,0.08333333333333333
k106,t11,special needs,8,"[ 8.0,10.2)",female,0.3,1.5,1.929,0.786,0.429,1.5,0,NA,NA,0,0,3,5,9,6.144,1.6,1.6666666666666665,1.6279,0,NA,NA,63,NA,0.6428571428571429,NA,NA,NA,2.0779220779220777,0.0625,0.1255952380952381,0.587,0.0875,0.88,NA,NA,NA
k107,t10,6P,11,"[10.2,11.2)",male,0,1.214,1.5,0.5,1.5,3,1.5,0.5625,0.9375,0,0.786,3.643,10,10,10,1.175,1.325,1.2179,0,3,NA,59,NA,0.7142857142857143,0.35,35,16,0.8743169398907104,0.01001602564102564,0.03138296888296888,0.295,0.0775,0.92,0.655,0.20689655172413793,0.23333333333333334
k108,t08,6P,10,"[ 8.0,10.2)",female,0.7,1.214,2.571,0.5,0.5,1.5,0.5,NA,NA,0,0.5,4.5,8,5.5,7.285,1.125,1,1.098,0.33,NA,NA,33,NA,0.8571428571428571,NA,NA,15,0.975609756097561,0.021904761904761906,0.050319052105968244,0.461,0.1025,0.72,1.11,0.034482758620689655,0
k109,t03,8P,11,"[11.2,12.7]",female,NA,NA,NA,NA,NA,NA,NA,NA,NA,NA,NA,NA,NA,NA,NA,NA,NA,NA,NA,NA,NA,28,NA,NA,NA,NA,NA,0.6060606060606061,0.03396605507406725,0.011570445837687217,0.373,0.0875,0.86,0.964,0.06896551724137931,0.03333333333333333
k110,t10,6P,9,"[ 8.0,10.2)",female,0.9,0.5,0.786,0,0.5,0,0.5,0,0.5,0.357,0,2.357,2.5,3,2.643,0,0,0.0,0,2,2,28,0.06666666666666667,1,0.1,52,19,0.8602150537634409,0.09715370680044592,0.012276785714285714,0.29,0.0325,0.9,1.343,0,0
k111,t04,6P,10,"[10.2,11.2)",male,0.6,0.5,1.5,0.786,0,3,0.5,0.5,0,0.357,0,0.143,6.5,7,6.643,1.2692307692307692,1.3928571428571428,1.3065,0.33,3,6,40,0.2333333333333333,0.7857142857142857,0.65,43,19,0.8121827411167513,0.011787280701754384,0.07051183948302824,NA,NA,NA,1.082,0.10344827586206896,0.03333333333333333
k112,t01,7P,11,"[10.2,11.2)",male,0.7,1.214,1.929,0.5,1.214,0.143,0.5,0.1,0.4,0.5,1.929,3.429,7.5,9,7.929,2.0666666666666664,2.0277777777777777,2.054,0.67,NA,NA,89,NA,0.5714285714285714,NA,NA,34,0.6896551724137931,0.004629629629629629,0.012905915923157303,0.352,0.006211180124223602,0.875,0.647,0.08695652173913043,0.23076923076923078
k113,t08,6P,9,"[ 8.0,10.2)",male,0.9,0.5,0.786,0.5,0.5,0.5,0.5,0.2,0.3,0,0,1.5,3,4,3.286,0.16666666666666666,0.25,0.1957,0.33,4,NA,28,0.16666666666666666,0.7142857142857143,0.2,41,19,1.019108280254777,0.014912280701754385,0.02034706331045004,0.534,0.0775,0.66,1.39,0.08620689655172414,0.08333333333333333
k114,t01,7P,12,"[11.2,12.7]",male,0.7,0.5,0,3.429,4.5,0,0,0,0,0.5,0,1.929,8.5,10,8.929,2.2941176470588234,2.25,2.28,0.67,7,11,38,0.4666666666666666,0.7142857142857143,0.6,36,23,0.5228758169934641,0.07313768672775113,0.10010235794935868,0.357,0.14411764705882352,0.7073170731707317,0.8465,0.10344827586206896,0.06666666666666667
k115,t03,8P,11,"[11.2,12.7]",male,0.7,1.5,1.929,3,0,3,1.929,1.929,0,0.786,1.929,3.429,12.5,18,14.073,NA,NA,NA,0.33,NA,NA,64,NA,0.42857142857142855,NA,NA,19,0.6926406926406926,0.033951377485860246,0.04183315088487502,0.223,0.25761772853185594,0.6818181818181818,0.702,0.20689655172413793,0.1724137931034483
k116,t08,5P,8,"[ 8.0,10.2)",male,0.7,0,3,0.5,0.357,0.429,0.786,NA,NA,1.214,0,3,6,7,6.286,NA,NA,NA,0.33,NA,NA,NA,NA,0.6428571428571429,NA,NA,22,0.8,0.018303571428571426,0.04019897674788979,0.371,0.2059202059202059,0.723404255319149,NA,NA,NA
k117,t11,special needs,11,"[11.2,12.7]",male,0.6,1.5,0.5,0,0.5,0,1.5,1.0499999999999998,0.4500000000000002,0,0,0,4,4,4,1.125,1.125,1.125,0.33,6,19,49,0.5333333333333333,0.2857142857142857,0.5,34,32,0.9696969696969697,0.04539337474120082,0.017222063310450036,0.306,0.08,0.92,NA,NA,NA
k118,t08,5P,9,"[ 8.0,10.2)",female,1,1.214,1.214,1.214,1.214,0.5,0,NA,NA,0.5,0.5,3,7.5,3.5,6.356,2.466666666666667,2.4285714285714284,2.4607,0.33,NA,NA,38,NA,0.6428571428571429,NA,NA,21,0.6611570247933884,0.04572629495071646,0.02999878630550137,0.207,0.1375,0.82,0.7765,0.05172413793103448,0.1896551724137931
k119,t04,5P,8,"[ 8.0,10.2)",male,0.9,0.5,3.429,0.143,3,0.5,3.429,NA,NA,0.5,0,1.5,10.5,14,11.501,2.880952380952381,2.9642857142857144,2.91,1,4,1,NA,0.09999999999999999,1,0.35,NA,12,0.7476635514018691,0.009464285714285713,0.01699122536945813,0.402,0.0675,0.82,0.924,0.034482758620689655,0.016666666666666666
k120,t05,6P,9,"[ 8.0,10.2)",female,0.7,1.5,0.5,0,0.5,0.5,0.5,0.30000000000000004,0.19999999999999996,0,0,3.429,3.5,3.5,3.5,0.8571428571428571,0.8571428571428571,0.8571,0.33,7,14,NA,0.3333333333333333,0.6428571428571429,0.65,39,NA,0.8743169398907104,0.03037995804729214,0.01138663967611336,0.343,0.05925925925925926,0.7428571428571429,1.037,0.07547169811320754,0.05357142857142857
k121,t09,7P,10,"[10.2,11.2)",female,NA,NA,NA,NA,NA,NA,NA,NA,NA,NA,NA,NA,NA,NA,NA,NA,NA,NA,NA,NA,NA,NA,NA,NA,NA,NA,NA,0.9090909090909091,0.014912280701754385,0.014823717948717948,0.371,0.03,0.88,0.943,0.08620689655172414,0.13333333333333333
k122,t02,7P,10,"[10.2,11.2)",male,NA,NA,NA,NA,NA,NA,NA,NA,NA,NA,NA,NA,NA,NA,NA,NA,NA,NA,NA,4,1,28,0,NA,0.2,46,NA,0.8121827411167513,0.020432692307692308,0.005208333333333333,0.357,0.0325,0.88,1.296,0.034482758620689655,0.03333333333333333
k123,t11,special needs,12,"[11.2,12.7]",male,0.5,0.5,1.214,0.5,0.5,0.5,1.5,NA,NA,0,0,1.5,5,4,4.714,1,1.125,1.0303,0.33,7,NA,55,0.26666666666666666,0.9285714285714286,0.3,38,28,1,0.035776942355889726,0.1077096220903429,0.461,0.06775067750677506,0.8297872340425532,0.908,0.10714285714285714,0.2
k124,t05,5P,8,"[ 8.0,10.2)",male,0.8,1.5,0.786,0.5,0,0.5,0.5,0.14285714285714288,0.3571428571428571,0,0,4.5,3.5,4.5,3.786,0,0,0.0,0,3,4,NA,0.09999999999999999,0.7142857142857143,0.3,44,10,0.8888888888888888,0.03693922305764411,0.013428381962864722,0.394,0.1475,0.84,0.887,0.41379310344827586,0.26666666666666666
k125,t03,8P,11,"[11.2,12.7]",male,0.8,0.5,1.5,1.286,0,0.357,0.357,0,0.357,0,0,3.643,3,6.5,4,0.08333333333333333,0.34615384615384615,0.2054,0.33,NA,NA,79,NA,0.8571428571428571,NA,NA,19,0.7407407407407407,0.020624999999999998,0.012834821428571428,0.421,0.2949852507374631,0.5116279069767442,0.843,0.034482758620689655,0.03333333333333333
k126,t01,7P,11,"[10.2,11.2)",female,0.8,0.5,0.786,0.5,0.5,0.786,1.5,0.1875,1.3125,0.5,1.214,4.071,6,7,6.286,0.5,0.3571428571428571,0.4545,0.33,3,9,36,0.3,0.7857142857142857,0.35,48,27,0.6153846153846154,0.024968982630272953,0.04043076354727458,0.4185,0.02,0.76,NA,NA,NA
k127,t09,7P,10,"[10.2,11.2)",male,0.8,0.5,0.429,0.786,0.357,0.5,0.429,NA,NA,0,0,0,2,5.5,3.001,0.75,0.9545454545454545,0.8572,0.33,NA,NA,66,NA,0.7142857142857143,NA,NA,20,0.5498281786941581,0.07074359011649045,0.13186653058861741,0.322,0.2575,0.7,0.9225,0.12280701754385964,0.2
k128,t10,6P,9,"[ 8.0,10.2)",female,0.7,0.357,0.5,0.5,0.5,0.5,0,NA,NA,0.5,0.5,0.5,3.5,3,3.357,1.1428571428571428,1.25,1.1702,0,NA,NA,28,NA,0.5714285714285714,NA,NA,21,0.8938547486033519,0.03939311594202898,0,0.362,0.017045454545454544,0.8809523809523809,1.004,0.11428571428571428,0.3
k129,t06,8P,11,"[11.2,12.7]",female,0.8,1.929,1.643,1.929,3.357,0.357,0,NA,NA,0.786,0,4.5,9,12.5,10.001000000000001,2.555555555555556,2.6799999999999997,2.6001,0.33,16,14,37,0.23333333333333334,0.5714285714285714,0.35,40,17,0.5860805860805861,0.01278735632183908,0.011365193794199879,0.417,0.02,0.72,0.7055,0.10344827586206896,0.13333333333333333
k130,t10,5P,8,"[ 8.0,10.2)",male,0.9,0,0.5,0,0.143,0.5,0.5,0.5,0,0,0,4.071,1.5,2,1.643,0,0,0.0,0,3,5,29,0.09999999999999999,0.7857142857142857,0.4,39,18,0.8695652173913043,0.06162698412698413,0.005208333333333333,0.306,0.09,0.78,1.144,0.10344827586206896,0.3
k131,t02,7P,10,"[10.2,11.2)",male,0.9,1.071,3,0,1.5,0.5,3,3,0,0.5,2.571,2.286,13,10,12.142,0.23076923076923078,0.3,0.2471,0.33,5,9,37,0.2333333333333333,0.7857142857142857,0.6,NA,23,0.5904059040590406,0.014743572172578257,0.015675538621786087,0.305,0.0725,0.9,0.929,0.06896551724137931,0.3333333333333333
k132,t11,special needs,12,"[11.2,12.7]",male,0.5,NA,NA,NA,NA,NA,NA,NA,NA,NA,NA,NA,NA,NA,NA,NA,NA,NA,0,9,26,78,0.7333333333333333,0.7857142857142857,0.85,24,16,0.625,0.0811276645403667,0.24468899034550942,0.474,0.15853658536585366,0.7704918032786885,NA,NA,NA
k133,t10,5P,8,"[ 8.0,10.2)",female,0.8,0.786,0.5,0,0,0.5,0,NA,NA,0,0,0.786,1.5,2.5,1.786,0,0,0.0,0,2,2,28,0.03333333333333333,0.8571428571428571,0,43,11,0.935672514619883,0.05584273182957393,0.011043233082706766,0.418,0.02,0.9,1.102,0.10344827586206896,0.1
k134,t05,6P,9,"[ 8.0,10.2)",female,0.7,0.5,1.214,1.5,0.357,1.071,0,0,0,0.357,0,3,6,2.5,4.999,1.2083333333333333,1.6,1.2644,0,7,16,NA,0.3333333333333333,0.35714285714285715,0.3,29,23,0.7547169811320755,0.04022435897435897,0.022857142857142857,0.5095,0.03,0.7,1.222,0.017241379310344827,0.016666666666666666
k135,t09,7P,10,"[10.2,11.2)",female,0.8,0.786,0.5,1.071,1.5,0.143,0.5,0,0.5,0.786,0.357,1.643,5.5,6,5.643,0.45454545454545453,0.25,0.3923,0,NA,NA,29,NA,0.9285714285714286,NA,NA,23,0.9248554913294798,0.05071015226192572,0,0.373,0.03,0.92,0.65,0.06896551724137931,0.15
k136,t11,special needs,11,"[11.2,12.7]",female,0.6,1.214,3,0.786,1.214,0.5,0,0,0,1.214,1.929,2.571,9,12,9.857,1.9444444444444444,2.0416666666666665,1.9783,0.67,9,17,86,0.26666666666666666,0.42857142857142855,0.2,41,24,0.622568093385214,0,0.003787878787878788,0.302,0.0525,0.92,0.73,0.05172413793103448,0.03333333333333333
k137,t11,special needs,11,"[11.2,12.7]",female,0.4,0.786,1.929,0.786,0.786,0.786,0.786,0,0.786,0.5,0.143,0,4.5,11.5,6.502,NA,NA,NA,0,9,NA,39,NA,1,NA,NA,NA,NA,NA,NA,0.413,0.0625,0.76,NA,NA,NA
k138,t10,6P,10,"[ 8.0,10.2)",male,0.8,0.786,1.929,0.786,0.786,0.5,1.5,0.75,0.75,0.786,0.5,0.5,6,11.5,7.573,1.9166666666666667,1.7391304347826086,1.8396,0.33,NA,14,55,0.26666666666666666,0.7142857142857143,0.6,35,13,0.6779661016949152,0.2191001666755977,0,0.34,NA,NA,0.817,0.1206896551724138,0.1
k139,t08,5P,9,"[ 8.0,10.2)",female,0.7,0.786,0.5,0.143,0.5,1.5,0.5,0,0.5,0,0,1.929,3.5,5,3.929,0.5714285714285714,0.6,0.5818,0,1,1,28,0.03333333333333333,0.9285714285714286,0.3,40,10,0.8121827411167513,0.027797202797202797,0.17060011244793855,0.403,0.0175,0.88,0.8885,0,0.23333333333333334
k140,t05,6P,10,"[ 8.0,10.2)",female,NA,NA,NA,NA,NA,NA,NA,NA,NA,NA,NA,NA,NA,NA,NA,NA,NA,NA,NA,NA,NA,NA,NA,NA,NA,NA,NA,0.7407407407407407,0.03431984073431442,0.016608796296296295,0.351,0.0525,0.94,0.877,0.06896551724137931,0.06666666666666667
k141,t09,7P,10,"[10.2,11.2)",female,0.6,0.786,3,0.357,2.286,0.786,1.214,0,1.214,0,1.5,3,10.5,8.5,9.929,2.1904761904761902,1.911764705882353,2.1222,0.67,NA,NA,50,NA,0.5714285714285714,NA,NA,16,0.6477732793522267,0.024420532611056804,0.007820136852394917,0.337,0.0275,0.92,0.819,0.03508771929824561,0.15
k142,t05,5P,9,"[ 8.0,10.2)",male,0.5,0.357,2.357,1.929,0.357,0.357,1.5,1.5,0,0.357,0,4.5,6.5,9,7.214,0.6923076923076923,1,0.8021,0.33,NA,NA,NA,NA,0.9285714285714286,NA,NA,22,0.6722689075630253,0.04458209336512226,0.10025162582575405,NA,NA,NA,NA,NA,NA
k143,t06,8P,11,"[11.2,12.7]",male,0.7,1.071,2.571,0.357,3.214,0.786,0.5,0.25,0.25,0.5,0,4.5,11,4,8.999,NA,NA,NA,0.67,6,9,42,0.3,0.6428571428571429,0.8,NA,28,0.7920792079207921,0.039663911985643736,0.01888888888888889,0.282,0.075,0.84,0.707,0.1724137931034483,0.3
k144,t06,8P,11,"[11.2,12.7]",male,0.7,0.5,1.929,0,0.5,0.143,0.357,0.0595,0.2975,0.357,1.5,1.5,8,6,5.286,2.6875,3.2916666666666665,3.1622,0.33,10,20,38,NA,0.5714285714285714,0.55,NA,20,0.7804878048780488,0.02647801569140242,0.0315610599078341,0.371,0.03,0.82,0.906,0.05357142857142857,0.16666666666666666
k145,t02,7P,10,"[10.2,11.2)",male,0.7,0.786,0.429,0.357,0.5,1.5,0.143,0.143,0,0.5,0,1.5,3.5,6,4.215,0.7857142857142857,0.625,0.7203,0,NA,NA,37,NA,0.9285714285714286,NA,NA,10,0.8648648648648649,0.006578947368421052,0.005434782608695652,0.459,0.0925,0.78,1.3045,0.02857142857142857,0.13513513513513514
k146,t05,5P,8,"[ 8.0,10.2)",male,0.8,0.5,1.5,0.5,0,0.5,0.5,0.25,0.25,0.5,0.5,1.5,4.5,4.5,4.5,0.16666666666666666,0.16666666666666666,0.1667,0,5,2,NA,0.06666666666666667,0.8571428571428571,0.25,44,24,0.7655502392344498,0.03364748677248677,0.04152412880861157,0.403,0.21350762527233116,0.6206896551724138,1.3635,0.06896551724137931,0.23333333333333334
k147,t04,6P,10,"[10.2,11.2)",female,0.9,0.786,1.214,0,0.786,0.786,0.143,0.0715,0.0715,0,0,3,2,8,3.715,0.125,0.09375,0.1058,0,4,7,28,0.26666666666666666,0.5714285714285714,0.2,43,20,0.6896551724137931,0.02141519737868622,0.004310344827586207,0.358,0.025,0.88,0.715,0.10344827586206896,0.26666666666666666
k148,t08,6P,9,"[ 8.0,10.2)",male,0.8,2.286,0.5,0.5,3.357,0,0.5,0.3125,0.1875,0,0,4.5,9,2.5,7.143000000000001,1.5833333333333333,1.3,1.555,0.33,NA,NA,28,NA,0.7142857142857143,NA,NA,NA,0.8421052631578947,0.021251566416040098,0.004464285714285714,0.4,0.0684326710816777,0.8421052631578947,1.359,0.10344827586206896,0.06896551724137931
k149,t06,8P,12,"[11.2,12.7]",female,0.9,0.357,1.929,3.429,3.357,0.5,0.786,0.786,0,1.929,2.357,4.5,13.5,17.5,14.644,2.8333333333333335,2.942857142857143,2.8706,0.33,8,12,39,0.3333333333333333,0.5714285714285714,0.95,26,NA,0.6986899563318777,0.03510054220627243,0.009615384615384616,0.346,0.025,0.82,0.923,0.017241379310344827,0
k150,t06,8P,12,"[11.2,12.7]",male,0.8,0.5,0.786,1.5,0.5,0.5,0.5,NA,NA,0.5,0.5,1.5,5,6,5.286,1.9000000000000001,1.75,1.8513,0.33,7,13,44,0.2333333333333333,0.6428571428571429,0.4,34,19,0.6751054852320675,0.025738916256157634,0.011904761904761904,0.433,0.0175,0.48,0.7445,0,0.03076923076923077
k151,t11,special needs,11,"[11.2,12.7]",female,0.7,0.5,3.429,0.786,0.357,0.5,0.786,0.1572,0.6288,0.5,0.786,3.429,6.5,10.5,7.644,2.730769230769231,2.738095238095238,2.7336,0.33,9,14,62,NA,0.7857142857142857,0.45,40,29,1.0666666666666667,0.08574039264828738,0.041091008771929824,0.417,0.2968036529680365,0.631578947368421,NA,NA,NA
k152,t05,5P,8,"[ 8.0,10.2)",female,0.6,1.5,0.786,0.786,3,3,0,NA,NA,0.5,0,4.5,9,11,9.572,1.1666666666666667,1.2272727272727273,1.1866,0,4,13,NA,0.16666666666666666,0.7857142857142857,0.55,36,30,0.8888888888888888,0.029870348949296317,0.04111204013377927,0.473,0.2385496183206107,0.5606060606060606,NA,NA,NA
k153,t03,8P,12,"[11.2,12.7]",male,0.6,NA,NA,NA,NA,NA,NA,NA,NA,NA,NA,NA,NA,NA,NA,NA,NA,NA,NA,NA,NA,52,NA,NA,NA,NA,NA,0.6611570247933884,0.009310344827586206,0.11463668346528387,0.301,0.0425,0.94,0.826,0.06896551724137931,0.016666666666666666
k154,t11,special needs,12,"[11.2,12.7]",male,NA,NA,NA,NA,NA,NA,NA,NA,NA,NA,NA,NA,NA,NA,NA,NA,NA,NA,NA,NA,NA,NA,NA,NA,NA,NA,NA,0.7692307692307693,0.01469404186795491,0.004629629629629629,0.39,0.05855855855855856,0.7,0.934,0,0
k155,t06,8P,11,"[11.2,12.7]",male,0.8,1.5,1.5,0.5,2.286,0.786,0.5,0.25,0.25,0.5,0.5,1.929,8.5,7,8.072,0.5,0.6428571428571429,0.5354,0,8,8,53,0.13333333333333333,0.6428571428571429,0.35,39,11,0.64,0.012972232521731965,0.026816358586135465,0.397,0.0325,0.72,0.647,0.08620689655172414,0.08333333333333333
k156,t01,7P,10,"[10.2,11.2)",female,0.8,0.5,1.214,0.5,0.786,0,0,0,0,0.5,0.5,4.5,4,4,4,0.5625,0.6875,0.5982,0,6,12,35,0,0.7142857142857143,0.3,37,20,0.8163265306122449,0.021359075706901792,0.024857859531772577,0.421,0.0325,0.74,0.947,0,0.1724137931034483
